id,seq,label
0.0,AD,1
1.0,AE,1
2.0,AF,1
3.0,AH,1
4.0,AM,1
5.0,CE,1
6.0,CM,1
7.0,DA,1
8.0,DD,1
9.0,DE,1
10.0,DK,1
11.0,DL,1
12.0,DR,1
13.0,EA,1
14.0,ED,1
15.0,EE,1
16.0,EG,1
17.0,EK,1
18.0,EL,1
19.0,EN,1
20.0,EP,1
21.0,ES,1
22.0,ET,1
23.0,EV,1
24.0,EY,1
25.0,GD,1
26.0,GE,1
27.0,HS,1
28.0,HV,1
29.0,KG,1
30.0,LE,1
31.0,LV,1
32.0,NY,1
33.0,PE,1
34.0,QL,1
35.0,QP,1
36.0,RL,1
37.0,TE,1
38.0,VD,1
39.0,VE,1
40.0,VG,1
41.0,VT,1
42.0,VV,1
43.0,DG,1
44.0,SE,1
45.0,SF,1
46.0,VF,1
47.0,ADA,1
48.0,ADE,1
49.0,AEA,1
50.0,AED,1
51.0,APA,1
52.0,DAE,1
53.0,DAG,1
54.0,DCG,1
55.0,DDD,1
56.0,DDE,1
57.0,DED,1
58.0,DEE,1
59.0,DEL,1
60.0,DES,1
61.0,DQR,1
62.0,EDD,1
63.0,EDE,1
64.0,EDF,1
65.0,EDG,1
66.0,EDV,1
67.0,EED,1
68.0,EEE,1
69.0,EEK,1
70.0,EEL,1
71.0,EGF,1
72.0,EGS,1
73.0,EMH,1
74.0,EPE,1
75.0,EPQ,1
76.0,EQE,1
77.0,ESV,1
78.0,EVC,1
79.0,GCG,1
80.0,GDG,1
81.0,GEG,1
82.0,GFP,1
83.0,GGY,1
84.0,GLE,1
85.0,LDL,1
86.0,LVG,1
87.0,NGG,1
88.0,NNP,1
89.0,PAA,1
90.0,PAQ,1
91.0,PET,1
92.0,PGD,1
93.0,PLA,1
94.0,PSE,1
95.0,PSG,1
96.0,QPS,1
97.0,RKE,1
98.0,SEE,1
99.0,SFE,1
100.0,SFG,1
101.0,SPE,1
102.0,TAY,1
103.0,TGC,1
104.0,TPE,1
105.0,VAV,1
106.0,VDV,1
107.0,VEH,1
108.0,VES,1
109.0,VEV,1
110.0,VGG,1
111.0,VPY,1
112.0,DPQ,1
113.0,ENE,1
114.0,VDR,1
115.0,DEK,1
116.0,VEL,1
117.0,DGG,1
118.0,AAPY,1
119.0,EDQK,1
120.0,ESLA,1
121.0,GGGE,1
122.0,GGPG,1
123.0,INEL,1
124.0,IQEL,1
125.0,LEQL,1
126.0,LSYP,1
127.0,LYER,1
128.0,NRTF,1
129.0,QEEK,1
130.0,QEEL,1
131.0,SEEK,1
132.0,VEAL,1
133.0,VRSY,1
134.0,EEEQ,1
135.0,DDDD,1
136.0,GGNP,1
137.0,AFDEK,1
138.0,CALTP,1
139.0,EAGIQ,1
140.0,EEDGK,1
141.0,EESLA,1
142.0,EQEEK,1
143.0,EQEEL,1
144.0,EQQQQ,1
145.0,HCHTN,1
146.0,KGDEE,1
147.0,KSAEN,1
148.0,LPEEV,1
149.0,NGKET,1
150.0,NMSDL,1
151.0,SAEQK,1
152.0,SAEQT,1
153.0,SEGGR,1
154.0,STMIS,1
155.0,VVGET,1
156.0,EINEL,1
157.0,ADGLWL,1
158.0,ALPAEV,1
159.0,ALPEEV,1
160.0,CCNKSV,1
161.0,DALKKK,1
162.0,DEESLA,1
163.0,DFKREP,1
164.0,EFKEYN,1
165.0,EHAMLN,1
166.0,ENINEL,1
167.0,GFLGPQ,1
168.0,GPDPER,1
169.0,HNESQN,1
170.0,INKPGL,1
171.0,KAPSTM,1
172.0,KEMQKN,1
173.0,KGGGGP,1
174.0,KGRYER,1
175.0,LAPSTM,1
176.0,NVVGET,1
177.0,PDLPNT,1
178.0,QDSIGS,1
179.0,RPLGNC,1
180.0,SDSCIR,1
181.0,STELFK,1
182.0,TESSSE,1
183.0,TGDPEK,1
184.0,TLRRCM,1
185.0,TYLPVH,1
186.0,VADLMR,1
187.0,WDDMEK,1
188.0,LSERYP,1
189.0,PDKPNT,1
190.0,AEASALR,1
191.0,AGAGPTP,1
192.0,AGDDAPR,1
193.0,AHSVRFY,1
194.0,ASNMSDL,1
195.0,DAPYDYK,1
196.0,DREKFDE,1
197.0,FVGLQER,1
198.0,HLQLAIR,1
199.0,IGPGLGR,1
200.0,IQQDDCK,1
201.0,KDGGGGK,1
202.0,LGDVLVR,1
203.0,LQPLNAH,1
204.0,NQEGLFR,1
205.0,NWDDMEK,1
206.0,PAATIPE,1
207.0,PGGVRNG,1
208.0,PVARMCR,1
209.0,RGEPNND,1
210.0,SEASNNK,1
211.0,VYETPDR,1
212.0,AQALQAQA,1
213.0,DEDFKREP,1
214.0,DPLRGGYY,1
215.0,ESDVVSDL,1
216.0,FADNVFAL,1
217.0,FAGDDAPR,1
218.0,GRVSNCAA,1
219.0,GSGVGGAK,1
220.0,HGEDKEGE,1
221.0,IPIPATKT,1
222.0,KGDEESLA,1
223.0,KGSLADEE,1
224.0,PECGLVVG,1
225.0,QAEADMAR,1
226.0,QIEELEGK,1
227.0,RPNPFENR,1
228.0,SLADEEKG,1
229.0,SLAKGDEE,1
230.0,SSRNEQSR,1
231.0,TDVEQEGD,1
232.0,VAPEEHPT,1
233.0,YGGTPPFV,1
234.0,LGAGGSLA,1
235.0,KGNEESLA,1
236.0,AGLQFPVGR,1
237.0,ASLDGEFKG,1
238.0,DVILPVPAF,1
239.0,DVNNPANQL,1
240.0,EFEGGSIEH,1
241.0,EGSTIGLSK,1
242.0,GLLPDGTPR,1
243.0,GPAGPAGPR,1
244.0,KTDLNFENL,1
245.0,KTGLSPDQF,1
246.0,LLLPGELAF,1
247.0,LLLPGELAK,1
248.0,MAASGDVGK,1
249.0,PGPAGPAGP,1
250.0,SSVGGGSAG,1
251.0,STMLLESER,1
252.0,TREQMIHER,1
253.0,YKCKDGDLR,1
254.0,AGFAGDDAPR,1
255.0,ANPGPVRDLR,1
256.0,DAGVIAQVLR,1
257.0,DVNNPANQLD,1
258.0,EATLWDMEEK,1
259.0,GFSFTTTAER,1
260.0,GYSFTTTAER,1
261.0,IGAEVYHNLK,1
262.0,LLDAFFFDNK,1
263.0,QVAIAHRDAK,1
264.0,VVLNPVARVE,1
265.0,AGGGGGGVVAG,1
266.0,ALASLDGEFKG,1
267.0,AMLEQVAMTDK,1
268.0,EGSEAPDGSSR,1
269.0,LPLLEEAFLSR,1
270.0,MEREQEESTMR,1
271.0,MTNLLEDLSFR,1
272.0,NNENQLDEYQR,1
273.0,RLGSSEVEQVQ,1
274.0,VLPTDQNFILR,1
275.0,AKLTSLEEECQR,1
276.0,DAGVIAGLNVLR,1
277.0,GGKLVVDGHAIT,1
278.0,NALKSVECYDAR,1
279.0,VTADESQQDVLF,1
280.0,VTADESQQDVLK,1
281.0,GFGDSCTPGKNER,1
282.0,YADSNIQINGTDR,1
283.0,YLASCLSSVKEEK,1
284.0,AREIALQELGEQAK,1
285.0,EQLEATVQKLDESR,1
286.0,IMEALAGAGIDPRR,1
287.0,RGENESDEQGAIVT,1
288.0,RGENESEEEGAIVT,1
289.0,GENEEEDSGAIVTVF,1
290.0,GENEEEDSGAIVTVK,1
291.0,SGVVAAVNDAAKDFHG,1
292.0,VLSLNSGTEAVEAAIK,1
293.0,TVAGGAWTYNTTSAVTVK,1
294.0,AGPSIVH,1
295.0,IKDPHVD,1
296.0,TPPKID,1
297.0,LPLQDAH,1
298.0,AEEHVEAVN,1
299.0,FSGLDGAK,1
300.0,PDVQAAFQK,1
301.0,SETAPAAPAAPAPAEK,1
302.0,QAEWDDYVPKLYEQLSGK,1
303.0,ASGVAVSDGVIK,1
304.0,FSGLDGSK,1
305.0,GEAGEAGERGLK,1
306.0,QMAGGFDEK,1
307.0,MTPGKTSLV,0
308.0,KWKLFKKIGIGAFLHLAKKF,0
309.0,GLFAVIKKVASVIKGL,0
310.0,LVLPIAQALKVLG,0
311.0,CCGIPNAACHPCVCTGKC,0
312.0,NYEEIYILNHILR,0
313.0,YQEPVLQPVR,0
314.0,TETWNPNHPEL,0
315.0,WNIP,0
316.0,LDGYPLSKNN,0
317.0,MAPKHEMPFPKYP,0
318.0,WPP,0
319.0,KPWLSVILFLIRERSR,0
320.0,TTNP,0
321.0,GLFDIVKKIAGHIASSI,0
322.0,IYP,0
323.0,TVFGTALNYVSLRIL,0
324.0,LNPPHQIYP,0
325.0,HKEDTLAFSEWGSPHAAVPR,0
326.0,FFRPFFRPFF,0
327.0,RYQ,0
328.0,VELYP,0
329.0,CCPPVACNMGCKPCC,0
330.0,PRRQQSLALRWLVQAANQ,0
331.0,FDIIKKVASVVG,0
332.0,QPQ,0
333.0,FDIVKKVVGALGSL,0
334.0,ETFSDWWKLLAE,0
335.0,LGFPTTKTYFPHF,0
336.0,PTPVP,0
337.0,FTRIIKAAG,0
338.0,KRVIQY,0
339.0,LQPEVMG,0
340.0,KWKLFKKIGAVLKVL,0
341.0,EGLPPGPPPP,0
342.0,PFIV,0
343.0,FFF,0
344.0,RPDFDLEPPY,0
345.0,ITIPIIP,0
346.0,QEPVLGPVRGPFPI,0
347.0,RVPSLM,0
348.0,IIA,0
349.0,DSSNLPPNQKQIVD,0
350.0,KPYVFRATGAL,0
351.0,GWRPSSREDSLEAGLPLQV,0
352.0,FIGLLISAGKAIHDLIRRRH,0
353.0,RRRIKIRWY,0
354.0,TYQTF,0
355.0,VWIS,0
356.0,MHI,0
357.0,FCCRTQEVCCEAIKN,0
358.0,GSRPGPAGTMAAGSIT,0
359.0,LKTAIQAAGYPDKV,0
360.0,GSIFVPH,0
361.0,ITVPCLC,0
362.0,DKYPSFQPQPLYP,0
363.0,QKW,0
364.0,PNGPTHAPWLLAHKIQ,0
365.0,TQDLRSHLVHKLVQAIF,0
366.0,HPKH,0
367.0,KGLWE,0
368.0,MPGVPGPQR,0
369.0,CCPGWELCCEWDEW,0
370.0,IKITTMLAKLGKVLAHV,0
371.0,WYGPD,0
372.0,RVR,0
373.0,KLEEKFPQVAAT,0
374.0,GCCSHPACSVNHPELC,0
375.0,TVY,0
376.0,KRRPPTT,0
377.0,RVCYAIPLPIC,0
378.0,VIPMGL,0
379.0,AVRSPAQIL,0
380.0,XXVATELRXQXLQTLQG,0
381.0,DLRELIARVRALIRRKS,0
382.0,IYIEQGNGITGM,0
383.0,FLPILINLIHKGLL,0
384.0,LLGAVASMGALLCAP,0
385.0,TTW,0
386.0,SALAM,0
387.0,WRKFWKYLK,0
388.0,WKKIPKFLHLAKKF,0
389.0,IAPG,0
390.0,LAPSLPGKPKPD,0
391.0,DFDMLRCMLGRVYRPCWQV,0
392.0,YGGFLRRIRPKLK,0
393.0,FALLKALLKKAL,0
394.0,NIEQLWRDYNKYEEGIN,0
395.0,RGPPFFF,0
396.0,MPQQIGVP,0
397.0,LDPSHRISDRDYMGWMDF,0
398.0,SCTTSSVSSSSSSS,0
399.0,YQKFP,0
400.0,FIYHSYK,0
401.0,FPP,0
402.0,ILPWKWPWWPWRR,0
403.0,RGGRLCYCRRRFCICV,0
404.0,INIKDILAKLVKVLGHV,0
405.0,FAKLLAKAFKKAL,0
406.0,IVQNNDSTEYG,0
407.0,AGWNIP,0
408.0,GKTTAALALARELFG,0
409.0,TKDEFMSGEPIFTKYFQNLV,0
410.0,GVPKVKETMVPKH,0
411.0,KRPPGFSPFR,0
412.0,NLNQSIDNFVNMAFFA,0
413.0,DNVVLQLQVARFLMKTVAQ,0
414.0,IHH,0
415.0,GLFF,0
416.0,SRYPS,0
417.0,FLFQPQRF,0
418.0,SQSKVLPVPQ,0
419.0,TKVIP,0
420.0,LEF,0
421.0,IPPGVPYWT,0
422.0,LRV,0
423.0,NMANPSKENLCSTFCK,0
424.0,GPDRPKFLGPF,0
425.0,AAVYKALSDHHIY,0
426.0,VRDAYIAEDYDCVYHCARDA,0
427.0,YQEP,0
428.0,WYLHYA,0
429.0,LFVAAP,0
430.0,DPVAPLQRSGPEI,0
431.0,GVSKVKEAMAPKH,0
432.0,YQEPVL,0
433.0,TIIPLPV,0
434.0,FAKLLAKALKKFAL,0
435.0,SMLGDGTLPPDLA,0
436.0,HNW,0
437.0,KEFLLAGNNNRA,0
438.0,AYPS,0
439.0,HTLGR,0
440.0,LVQ,0
441.0,ACCDPDWCDAGCYDGCC,0
442.0,IFVPH,0
443.0,KWKLFKKIGIGKFLHSATTF,0
444.0,VPCICMC,0
445.0,YFSKGIPNVLRR,0
446.0,LVYPFP,0
447.0,IVGGFPHYL,0
448.0,LAYA,0
449.0,VVYPWTQ,0
450.0,PFPGPIPNS,0
451.0,VCCRPMQDCCS,0
452.0,GQTSSPDIYNP,0
453.0,QLLKLK,0
454.0,VDKPDYRPRPWPRNMI,0
455.0,RGPFPIIV,0
456.0,GKTTILYRLQVG,0
457.0,PLFPK,0
458.0,RPPGFSPFR,0
459.0,QFAW,0
460.0,AEKAKYDEIFLKT,0
461.0,ITACITFC,0
462.0,DRQLRSSIERVISIFQS,0
463.0,RMLGQ,0
464.0,FVHPM,0
465.0,VYPYKPP,0
466.0,RYGWRTAVDYSWFG,0
467.0,GCCPKQMRCCTL,0
468.0,RVCLP,0
469.0,VRSP,0
470.0,YNQMPQKSREA,0
471.0,FLGALFKALSHLL,0
472.0,ESLYESIRRRYEEL,0
473.0,LLLLR,0
474.0,ECCNPACGRHYSCGK,0
475.0,YYEQPVLGPVRGPFPIIV,0
476.0,LEQVEFKLNQLLENL,0
477.0,SMRKPPG,0
478.0,LRM,0
479.0,FAKKLAKKLAKLAL,0
480.0,LKPNM,0
481.0,RGPPFIV,0
482.0,RVISLPAGLSPLR,0
483.0,QPSRIHHRSVK,0
484.0,MKPWQPK,0
485.0,MRWRD,0
486.0,ELQDKIHPF,0
487.0,GSPGADGPIGAPG,0
488.0,TLPVPTVC,0
489.0,GVHHA,0
490.0,HIQKEDVPSER,0
491.0,PYY,0
492.0,DRMPCRNFFWKTFSSCK,0
493.0,HGLF,0
494.0,YRPY,0
495.0,FQFVNPSDIVFGS,0
496.0,FAKLA,0
497.0,YIFHLMD,0
498.0,FEDYVPLSCF,0
499.0,SIVPLGLPVPIGPIVVGPR,0
500.0,FKLAFKLAKKAFL,0
501.0,YLG,0
502.0,SKK,0
503.0,AEGEREARVFTLWLNSL,0
504.0,LEQLL,0
505.0,SRPLHISTFINELDSGFRLL,0
506.0,PPHQYP,0
507.0,FLGWLFKWAKK,0
508.0,GLFDVIKKVASVIKKL,0
509.0,VMP,0
510.0,GFSVQRRLWLAS,0
511.0,VPPAK,0
512.0,KLRT,0
513.0,QEKPYWPPPIYPM,0
514.0,AGPDTPSQFRKKWNKWALSR,0
515.0,VGLLMFRYH,0
516.0,RPQLRNLLHEK,0
517.0,FLPLILRKIVTAL,0
518.0,PSIPA,0
519.0,VDKGSYLPRPTPPRPIYNRN,0
520.0,YGCGCDLP,0
521.0,NNPPCCSGYVCEGVYCAVDV,0
522.0,DCCEQGWCDGGCDCCQ,0
523.0,NILKQIFKLLQA,0
524.0,TVVPG,0
525.0,LYQEPVLGPVRGPF,0
526.0,HHGYK,0
527.0,VVSGPYVY,0
528.0,DYCCRRPPCTLIC,0
529.0,DPKRLQASLQTIVGMVVYSW,0
530.0,VCCPFGGCHELCLCCD,0
531.0,VKKVLGNP,0
532.0,YYAP,0
533.0,VTY,0
534.0,ITVCITVC,0
535.0,RGFF,0
536.0,KPGRP,0
537.0,VIFPPG,0
538.0,SCTMSGCACSSSSSSSS,0
539.0,KWKLFKKIPKFLHLAK,0
540.0,RWAEK,0
541.0,GWNIP,0
542.0,HQP,0
543.0,TPETITHYLETVNHAM,0
544.0,FLGWLFKWAWK,0
545.0,VYPFP,0
546.0,LPIHYKLSQEFFLKAYEN,0
547.0,QPQAFP,0
548.0,AQTQSLVYPFPGPIPK,0
549.0,PEYEHLYTELTGTIVLLIES,0
550.0,YLLF,0
551.0,NPEILLARVKRFLERE,0
552.0,HIAGKSSIFRA,0
553.0,VPW,0
554.0,VFPW,0
555.0,LLPILGNLLNGLL,0
556.0,TPEKRVDRIFAMMD,0
557.0,MCYPAST,0
558.0,YQGPIVLNPWDQVKR,0
559.0,TSGP,0
560.0,LALPA,0
561.0,SQPKYQEP,0
562.0,GNNRPIYIPQPRPPHPRL,0
563.0,FCCDSNWCHISDCECCY,0
564.0,LGTQY,0
565.0,TEQDIIDLKFAIAD,0
566.0,SVNSEIYQRVMESFKKEG,0
567.0,GSVAKHLLPHVAPIIAEKL,0
568.0,KILIYG,0
569.0,QFSRQMLDRKLLLG,0
570.0,SVPQPK,0
571.0,HEKHHSHRGY,0
572.0,HMKMRSQLLIVLQEHLRN,0
573.0,QPSRVHHRSVK,0
574.0,FFAPGRNPTSFS,0
575.0,QDELVWGAYWLYKAT,0
576.0,YPKLAPNE,0
577.0,SELRCQCLTTLPRVDFKNIQ,0
578.0,KYP,0
579.0,FQQVPGPV,0
580.0,VVKL,0
581.0,GAWYYVPL,0
582.0,FSEFIQALSVTSRG,0
583.0,PGPIPN,0
584.0,PSLPA,0
585.0,VMPSLLQAFDLTA,0
586.0,PMVKKIIDKMLN,0
587.0,AATAATPATPATPA,0
588.0,LPL,0
589.0,PGPIP,0
590.0,TFSYGRALQA,0
591.0,ITFTAC,0
592.0,TQSDVYAMVGYIHELW,0
593.0,CANSCSYGPLTWSCDGNTK,0
594.0,VAPFPE,0
595.0,GTLRHAANAAFIMLEAAEL,0
596.0,SVWASISSYLDELTEGL,0
597.0,AAVKKMYDIQAKK,0
598.0,NKV,0
599.0,RGPEPIIV,0
600.0,KIYPSFQPQPLIYP,0
601.0,NGRCCHPACARKYNC,0
602.0,ISLEICXIFHDN,0
603.0,RINK,0
604.0,YVTAIRNL,0
605.0,YMGWMDF,0
606.0,HKEMPFPKYPVQPF,0
607.0,FIQYLAPLIPHAVKAISDLI,0
608.0,AEHLAKAELTTVFSTLYQKF,0
609.0,LPF,0
610.0,STLVQTPALRAVGNIV,0
611.0,RLSGQTEVTSEYLFRH,0
612.0,FYQL,0
613.0,IRP,0
,PYPQ,0
,YYAPFE,0
,CPCEMGPGHADEMRISIEG,0
,FLPLLLAGLPKLLCLFFKKC,0
,SDRDLLGPNNQYLPK,0
,GQVPP,0
,GPLGLLGFLGPLGLS,0
,YNILSGFDTEL,0
,YLL,0
,LKKLAKLALAF,0
,MAIPPKKNQD,0
,QFWSLAAPQRF,0
,PQPIP,0
,KWKLFKKALKKLKKALKKAL,0
,GLFDVIAKVASVIKKL,0
,GMIYPG,0
,LGVP,0
,FALKALKKLKKALKKAL,0
,LIV,0
,RLFEQASRLAEHY,0
,WYSL,0
,LWKL,0
,DEPQVQAKIMAYLQQEQSNR,0
,QQPVLGPVRGPFPI,0
,LVKF,0
,GEQQQQPGMTR,0
,RVISLPAGLSPFR,0
,HSDWISNANKVRVIYWQMT,0
,NQNFVQYTTNT,0
,FLSLIPHAINAVSTLVHHF,0
,HLHP,0
,SMDHRIERLEYYIQLLVK,0
,FAKKLAKLAKKLAKLAL,0
,RGPPGGFF,0
,TPCPPQ,0
,GGCCSHPACFASNPDYC,0
,SLVYP,0
,FGPELWP,0
,YVGD,0
,NENLLRFFVAPFPEVFG,0
,TMEGKFKAVAEDVAQRYMT,0
,PTHIKWGD,0
,GRGSVPAPGP,0
,GLFKVIKKVASVIGGL,0
,KHFDFLAEFNAKAND,0
,AGSLLEQLKCKISGGC,0
,SCTTSGCACSSSSSSSS,0
,YNW,0
,MALLRKSYS,0
,FHTMILLDTQSP,0
,GLFDIVKKVVGALGSL,0
,KVPPKA,0
,QGPWLEEEEEAYGWMDF,0
,YKALSDHHIYL,0
,QRAFLKLYMITMTE,0
,FHSGIQSEPKAIP,0
,RLLLKLRQ,0
,GIVDFAKKVVGGIRNALGI,0
,QGLAEKIFWSLK,0
,APP,0
,YQETSSSSSQEQ,0
,ACCPYEPSCCI,0
,RVY,0
,GLFDIIKKIAESI,0
,SLVYPFPGPPNSLPQNPPLT,0
,FRPALIVRTKGTRL,0
,PSFQPQPLIYP,0
,NIPPLTQTPVVVPFFIQ,0
,DMHDFFVGLM,0
,FQINMCILR,0
,MRLHHLLLALLFLVLSAAS,0
,HNPI,0
,MWHNAH,0
,CCMALCSRYHCLPCC,0
,FLPIIAKLLGGLL,0
,ALI,0
,GPKDAVVKVFNQWG,0
,FKVKFKVKVK,0
,EFQI,0
,YIEAVNKVSPRAGQF,0
,SAYPGQITSN,0
,LSPNLLKSLL,0
,AFVGYVLP,0
,KVKPVPEKAVPYPQ,0
,GCIGRNESQKKDNVYKFKE,0
,LYY,0
,GWMDF,0
,FAKLLAKLAKKSL,0
,GSVCCKVDTSCCSNQ,0
,FGF,0
,ESTVPERTHPACPDFN,0
,GTHIAKTL,0
,ILGLLKGISALLS,0
,CCSWDVCDHPSCTCC,0
,KPAWF,0
,SPYXXDTTPXXFAYIA,0
,TCCKFQFLNFCCNE,0
,FIKK,0
,GVPKVKETMVPK,0
,PPQ,0
,WVAPLK,0
,RGPGPIIV,0
,FPLEMMPF,0
,KVRETREILDIIDTVYNS,0
,KKFY,0
,FAKKLKKLAKKL,0
,CKQSCSFGPFTFVCDGNTK,0
,INWKKIAEVGGKILSSL,0
,LARL,0
,GLVDVLGKVGGLIKKLLPG,0
,LQAPLQRRILEIGKKH,0
,YPFPGPPN,0
,ITVCISVC,0
,GVSGHGQHGVHG,0
,CCTALCSRYHCLPCC,0
,TPSDIKELRDAMAKVQAD,0
,TAKQIQAAYLLVENELM,0
,RGPFPV,0
,GRCCHPACGKYYSC,0
,KVYCCLGVRDDWCCAGQIQI,0
,TDAEAKQLAQWILS,0
,LSSLEMGSLGALFVCM,0
,DVWY,0
,WVYY,0
,VYPFPPGIGG,0
,GAQYIQAAGVALGLKMR,0
,LVKGGLIP,0
,VIPFPGR,0
,PSGQYY,0
,CCHPACGKYYSC,0
,LTQTPVVVPPF,0
,RPLKPW,0
,DVFNPR,0
,KELPPSDADW,0
,FDIVKKIAGHIAGSI,0
,HSATRAAMLVRINT,0
,LLSLVPHAINAVSAIAKHF,0
,ERQEVKQMVVATLAES,0
,PLPWGAGF,0
,LYQEPVLGPVRGPFPIIV,0
,RQSHFANAQP,0
,PQGPIGVP,0
,WGHE,0
,YLMSR,0
,SCCPREFLCCL,0
,KWKLFKKIPHLAKKF,0
,KPPAWVP,0
,LPWVPLTP,0
,PQRDMP,0
,AWIRGCRL,0
,VLPPQ,0
,KFKWWRMLI,0
,KCFPEYTPNF,0
,AADIFSKFKKDMEVKFA,0
,ILGPVLGLVSDTLDDVLGIL,0
,INWKKIKSIIKAAMN,0
,LPHF,0
,WPERPPQP,0
,MDFL,0
,VVLYR,0
,KQQLATEAESAGPIL,0
,VASASCTTCICTCSC,0
,YMVSAIWG,0
,VVRP,0
,DPVAPLQRSGPE,0
,PCKNFFWKTFSSCK,0
,ALYGLLKEEMGEILAK,0
,VSPHLP,0
,PQIPEQF,0
,IWCKDDQNPHSSNISCDKF,0
,KVNRAVAAEIRNWTWVFLIW,0
,IIP,0
,QLGP,0
,FAKLFAKLAKKFAL,0
,FQNMCLR,0
,IDWLKLGKMVMDVL,0
,RGPPFIVGG,0
,HLPLPLL,0
,CPWEPWC,0
,WSKMDQLAKELTAE,0
,KKTAERLIVEMKDRFKG,0
,EPVLGPVRGPFPIIV,0
,ILGPVISTIGGVLGGLLKNL,0
,KHPFAQTQSLVYP,0
,LHP,0
,CCPGKPCCRI,0
,LGFEY,0
,VLPVPQKAVPQ,0
,IRVNATKAYEMAL,0
,CCSQDCLVCIPCCPN,0
,TIEEFHSKLQEATN,0
,VFWPTMLKAAG,0
,RENSLPAGLSPLR,0
,AMP,0
,QTPRY,0
,FAKALAKLAKKLL,0
,SVW,0
,VAKKKDKVKKGGPGS,0
,KKKFPWWWPFKKK,0
,NEEEKVKWQPDVP,0
,RIGLF,0
,NLLYDIVKENG,0
,GLFAVIKKVAAVIKKL,0
,AVKVL,0
,LLYQQPVLGPVRGPFPIIV,0
,YLAGKPQQEH,0
,FVAPFPEV,0
,TQTPVVVPPFLQPE,0
,KKQELLEALTKHFQ,0
,GLLGMVGSLLGGLGL,0
,LYHVL,0
,QVIAKWGAWVKRIEAKFRSL,0
,SQAFLFQPQRF,0
,FIV,0
,FLPFLATLLSKVL,0
,LPLR,0
,FDYDPR,0
,GIISHR,0
,LGPVRGPFPI,0
,INLLKIAKGIIKSL,0
,GVGSFIHKVVSAIKNVA,0
,REEIYQAFEAIYPVLSEF,0
,LRENNKLMLLELK,0
,QEPVLGPVRGPFPIIV,0
,HKEMQAIFDVYIMFIN,0
,MHQPPQPLPPTVMFPPQSVL,0
,KKYKVPQLE,0
,LAKRADICQPGKTSQRACET,0
,FKGKIIKKVISTGAKLI,0
,LPMHR,0
,VYPFPG,0
,FAKIIAKIAKIAKKIL,0
,QPIP,0
,QHGTAPECFWKYCI,0
,FLPLFASLIGKLL,0
,SAPRGCWTKSYPPKPCK,0
,TQPKTNAPY,0
,LPWRPATNVF,0
,MGCCPFPCKTSCTTLCC,0
,AQSAP,0
,GLLDVVGNLLGGLGL,0
,RPRHQG,0
,CCEPQWCDGACDCCS,0
,RYLGY,0
,GVQGPM,0
,LHSMK,0
,VENLHLPLPLL,0
,LVYPFPGP,0
,SLSQKVLPVPE,0
,GILDAIKAIAKAAG,0
,PSAVAKHFVA,0
,RPFHPF,0
,KGAAKGLLEVASCKLSKSC,0
,GPVRGPFPV,0
,CCPRRLACCII,0
,VYPFPGPPNSLPQNPP,0
,MAKVPDLFEDLKNCY,0
,PGI,0
,WWK,0
,RIKIGLFDQLSKL,0
,DPTKLNHAVAGL,0
,KIWWWWRKR,0
,GCVLLPWC,0
,VLPLISMALGKLL,0
,TFPEWHRLYTVQFEDALRRH,0
,ERPRMEEEEEAYGWMDF,0
,MPGTATHTVKMFS,0
,GWFDVVKHIASAV,0
,PSSQIVGTQAVFNVMMG,0
,IPIQY,0
,KKYNVPQ,0
,PLPLL,0
,HWTTQR,0
,GLLSVLGSVA,0
,AVMLRPP,0
,WGLETAGSVVLLDLQ,0
,FRQFYQL,0
,FNP,0
,MQIFVKTLTG,0
,QPNAILEKVFTA,0
,DTRAWALAEKLFG,0
,VPPGFSPFR,0
,QVPL,0
,GLTSK,0
,RVYIHPF,0
,NSSDSIDWLTSM,0
,DQDKIQKAIAAG,0
,GLGLVLKIAVNAFLKLVA,0
,VYPFPGPIPN,0
,VHH,0
,TQTPVVVP,0
,FLSLIPHAINAVGVHAKHF,0
,MKP,0
,FVAPFPQV,0
,TLKYP,0
,DEKSIITYVSSLYDAM,0
,KAVPYPQ,0
,TEAKKEELLRKLNILEVF,0
,KDGYLPGNEGCKY,0
,LVT,0
,DQQGVFVKGYAM,0
,IFGAIWNGIKSLF,0
,RVIEGIKNVIPKLLTWWP,0
,YPYY,0
,GFPGTPGLPGF,0
,LGPVRGPFP,0
,RGLF,0
